{
  "Workflows": [
    {
      "Path": null,
      "SortBy": 0,
      "VariablesSectionElementsOrder": [
        "폴더&",
        "Days&",
        "어제&",
        "DT_검색결과&",
        "DT_Export&",
        "DT_New&",
        "DT_Export&",
        "DT_New&",
        "DT_Export&",
        "Total&",
        "Vendor&",
        "ExtractDataTable&",
        "출원번호&",
        "NewSheet&"
      ],
      "ArgumentsSectionElementsOrder": null,
      "ConstantsSectionElementsOrder": [],
      "AddedNamespaces": null
    },
    {
      "Path": "Main.xaml",
      "SortBy": 0,
      "VariablesSectionElementsOrder": [
        "폴더&Sequence_51",
        "NewSheet&Sequence_37",
        "ExtractDataTable&Sequence_35",
        "출원번호&Sequence_37",
        "DT_New&Sequence_26",
        "DT_Export&Sequence_27",
        "Total&Sequence_28",
        "Vendor&Sequence_28",
        "DT_New&Sequence_21",
        "DT_Export&Sequence_22",
        "DT_Export&Sequence_15",
        "DT_검색결과&Sequence_10",
        "어제&Sequence_2",
        "Days&Sequence_2"
      ],
      "ArgumentsSectionElementsOrder": [],
      "ConstantsSectionElementsOrder": [],
      "AddedNamespaces": null
    }
  ]
}